Email;Klasse;Vorname;Nachname
Iris.Ware@gmg.amberg.de;5a;Iris; Ware
Ignacio.Ware@gmg.amberg.de;5a;Ignacio; Ware
Lilliana.Ramos@gmg.amberg.de;5a;Lilliana; Ramos
Carter.Blanchard@gmg.amberg.de;5a;Carter; Blanchard
Darion.Zhang@gmg.amberg.de;5a;Darion; Zhang
Valery.Williamson@gmg.amberg.de;5a;Valery; Williamson
Jaxon.Monroe@gmg.amberg.de;5a;Jaxon; Monroe
Guillermo.Mosley@gmg.amberg.de;5a;Guillermo; Mosley
Ireland.Sherman@gmg.amberg.de;5a;Ireland; Sherman
Mckenzie.Jacobson@gmg.amberg.de;5a;Mckenzie; Jacobson
Marely.Ortega@gmg.amberg.de;5a;Marely; Ortega
Axel.Raymond@gmg.amberg.de;5a;Axel; Raymond
Kaylee.Johnson@gmg.amberg.de;5a;Kaylee; Johnson
Jewel.Keith@gmg.amberg.de;5a;Jewel; Keith
Yesenia.Austin@gmg.amberg.de;5a;Yesenia; Austin
Dario.Mcpherson@gmg.amberg.de;5a;Dario; Mcpherson
Dylan.Holden@gmg.amberg.de;5a;Dylan; Holden
Arabella.Wilkerson@gmg.amberg.de;5b;Arabella; Wilkerson
Shelby.Duffy@gmg.amberg.de;5b;Shelby; Duffy
Justice.Yang@gmg.amberg.de;5b;Justice; Yang
Davian.Joseph@gmg.amberg.de;5b;Davian; Joseph
Bridger.Richmond@gmg.amberg.de;5b;Bridger; Richmond
Yasmin.Landry@gmg.amberg.de;5b;Yasmin; Landry
Kelly.Dorsey@gmg.amberg.de;5b;Kelly; Dorsey
Alden.Stuart@gmg.amberg.de;5b;Alden; Stuart
Sonia.Logan@gmg.amberg.de;5b;Sonia; Logan
Arthur.Hayes@gmg.amberg.de;5b;Arthur; Hayes
Finnegan.Boyer@gmg.amberg.de;5b;Finnegan; Boyer
Jayla.Walters@gmg.amberg.de;5b;Jayla; Walters
Cynthia.Montes@gmg.amberg.de;5b;Cynthia; Montes
Darwin.Gallagher@gmg.amberg.de;5b;Darwin; Gallagher
Jeramiah.Ibarra@gmg.amberg.de;6a;Jeramiah; Ibarra
Aria.Sutton@gmg.amberg.de;6a;Aria; Sutton
Reuben.Gonzalez@gmg.amberg.de;6a;Reuben; Gonzalez
Dax.Gaines@gmg.amberg.de;6a;Dax; Gaines
Jadon.Briggs@gmg.amberg.de;6a;Jadon; Briggs
Felix.Pruitt@gmg.amberg.de;6a;Felix; Pruitt
Jamie.English@gmg.amberg.de;6a;Jamie; English
Rayan.Hill@gmg.amberg.de;6a;Rayan; Hill
Mina.Bennett@gmg.amberg.de;6a;Mina; Bennett
Zaid.Phelps@gmg.amberg.de;6a;Zaid; Phelps
Shane.Mckinney@gmg.amberg.de;6a;Shane; Mckinney
Zaria.Doyle@gmg.amberg.de;6b;Zaria; Doyle
Brandon.Mckay@gmg.amberg.de;6b;Brandon; Mckay
Jovani.Conley@gmg.amberg.de;6b;Jovani; Conley
Rashad.Crawford@gmg.amberg.de;6b;Rashad; Crawford
Emerson.White@gmg.amberg.de;6b;Emerson; White
Zaire.Turner@gmg.amberg.de;6b;Zaire; Turner
Devyn.Benson@gmg.amberg.de;6b;Devyn; Benson
Itzel.Blackburn@gmg.amberg.de;6b;Itzel; Blackburn
Jermaine.Lin@gmg.amberg.de;6b;Jermaine; Lin
Jada.Gomez@gmg.amberg.de;6b;Jada; Gomez
Houston.Stevens@gmg.amberg.de;6b;Houston; Stevens
Shiloh.Galvan@gmg.amberg.de;6b;Shiloh; Galvan
Kaiden.Mcintosh@gmg.amberg.de;6b;Kaiden; Mcintosh
Cheyenne.Hampton@gmg.amberg.de;7a;Cheyenne; Hampton
Jakob.Holland@gmg.amberg.de;7a;Jakob; Holland
Ryan.Luna@gmg.amberg.de;7a;Ryan; Luna
Ahmad.Norman@gmg.amberg.de;7a;Ahmad; Norman
Kaylynn.Pratt@gmg.amberg.de;7a;Kaylynn; Pratt
Mira.Dennis@gmg.amberg.de;7a;Mira; Dennis
Mason.Nunez@gmg.amberg.de;7a;Mason; Nunez
Mekhi.Ellison@gmg.amberg.de;7a;Mekhi; Ellison
Jairo.Sanders@gmg.amberg.de;7a;Jairo; Sanders
Arturo.Howe@gmg.amberg.de;7a;Arturo; Howe
Cael.Hill@gmg.amberg.de;7a;Cael; Hill
Alondra.Wall@gmg.amberg.de;7a;Alondra; Wall
Miguel.Reese@gmg.amberg.de;7b;Miguel; Reese
Ahmad.Wise@gmg.amberg.de;7b;Ahmad; Wise
Adeline.Kemp@gmg.amberg.de;7b;Adeline; Kemp
Abby.Hernandez@gmg.amberg.de;7b;Abby; Hernandez
Boston.Campos@gmg.amberg.de;7b;Boston; Campos
Edward.Fry@gmg.amberg.de;7b;Edward; Fry
Kassandra.Young@gmg.amberg.de;7b;Kassandra; Young
Gideon.Flores@gmg.amberg.de;7b;Gideon; Flores
Mylie.Deleon@gmg.amberg.de;7b;Mylie; Deleon
Nigel.Chung@gmg.amberg.de;7b;Nigel; Chung
Natalia.Gillespie@gmg.amberg.de;7b;Natalia; Gillespie
Kailey.Dillon@gmg.amberg.de;7b;Kailey; Dillon
Quinn.Wilkins@gmg.amberg.de;8a;Quinn; Wilkins
Theresa.Odonnell@gmg.amberg.de;8a;Theresa; Odonnell
Makayla.Thompson@gmg.amberg.de;8a;Makayla; Thompson
Luka.Kirk@gmg.amberg.de;8a;Luka; Kirk
Kellen.Ortiz@gmg.amberg.de;8a;Kellen; Ortiz
Carter.Glenn@gmg.amberg.de;8a;Carter; Glenn
Tamia.Salazar@gmg.amberg.de;8a;Tamia; Salazar
Arianna.Rivera@gmg.amberg.de;8a;Arianna; Rivera
Davion.Montgomery@gmg.amberg.de;8a;Davion; Montgomery
Nico.Henson@gmg.amberg.de;8a;Nico; Henson
Imani.Nguyen@gmg.amberg.de;8a;Imani; Nguyen
Jillian.Clark@gmg.amberg.de;8a;Jillian; Clark
Gunnar.Pace@gmg.amberg.de;8b;Gunnar; Pace
Lucian.Odonnell@gmg.amberg.de;8b;Lucian; Odonnell
Chaya.Mann@gmg.amberg.de;8b;Chaya; Mann
Averie.Meyers@gmg.amberg.de;8b;Averie; Meyers
Ronan.Bernard@gmg.amberg.de;8b;Ronan; Bernard
Albert.Navarro@gmg.amberg.de;8b;Albert; Navarro
Garrett.Hampton@gmg.amberg.de;8b;Garrett; Hampton
Malcolm.Hays@gmg.amberg.de;8b;Malcolm; Hays
Neveah.Klein@gmg.amberg.de;8b;Neveah; Klein
Ryleigh.Conner@gmg.amberg.de;8b;Ryleigh; Conner
Yusuf.Page@gmg.amberg.de;8b;Yusuf; Page
Sofia.Klein@gmg.amberg.de;8b;Sofia; Klein
Karlie.Savage@gmg.amberg.de;8b;Karlie; Savage
Tania.Khan@gmg.amberg.de;8b;Tania; Khan
Naomi.Hinton@gmg.amberg.de;9a;Naomi; Hinton
Jesse.Calhoun@gmg.amberg.de;9a;Jesse; Calhoun
Annabel.Dawson@gmg.amberg.de;9a;Annabel; Dawson
Porter.Cummings@gmg.amberg.de;9a;Porter; Cummings
Julianne.Wood@gmg.amberg.de;9a;Julianne; Wood
Jasper.Dixon@gmg.amberg.de;9a;Jasper; Dixon
Cheyanne.Huffman@gmg.amberg.de;9a;Cheyanne; Huffman
Alyssa.Blevins@gmg.amberg.de;9a;Alyssa; Blevins
Kendall.Suarez@gmg.amberg.de;9a;Kendall; Suarez
Tiara.Caldwell@gmg.amberg.de;9a;Tiara; Caldwell
Kiera.Bryant@gmg.amberg.de;9a;Kiera; Bryant
Adalyn.Perez@gmg.amberg.de;9a;Adalyn; Perez
Donte.Ware@gmg.amberg.de;9a;Donte; Ware
Lorelei.Mercer@gmg.amberg.de;9b;Lorelei; Mercer
Molly.Ferrell@gmg.amberg.de;9b;Molly; Ferrell
Harmony.Holloway@gmg.amberg.de;9b;Harmony; Holloway
Samantha.Davis@gmg.amberg.de;9b;Samantha; Davis
Kaylin.Levine@gmg.amberg.de;9b;Kaylin; Levine
Precious.Bean@gmg.amberg.de;9b;Precious; Bean
Cassidy.Patterson@gmg.amberg.de;9b;Cassidy; Patterson
Timothy.Rodgers@gmg.amberg.de;9b;Timothy; Rodgers
Jefferson.Sparks@gmg.amberg.de;9b;Jefferson; Sparks
Quintin.Burgess@gmg.amberg.de;9b;Quintin; Burgess
Angelo.Oliver@gmg.amberg.de;9b;Angelo; Oliver
Haylie.Day@gmg.amberg.de;9b;Haylie; Day
Amir.Salazar@gmg.amberg.de;9b;Amir; Salazar
Darien.Grimes@gmg.amberg.de;9b;Darien; Grimes
Rayan.Wolfe@gmg.amberg.de;9b;Rayan; Wolfe
Aleah.Obrien@gmg.amberg.de;9b;Aleah; Obrien
Elaine.Duran@gmg.amberg.de;9b;Elaine; Duran
Araceli.Mcclure@gmg.amberg.de;9b;Araceli; Mcclure
Dana.Richard@gmg.amberg.de;10a;Dana; Richard
Spencer.Shepherd@gmg.amberg.de;10a;Spencer; Shepherd
Macey.Mcbride@gmg.amberg.de;10a;Macey; Mcbride
Ian.Chavez@gmg.amberg.de;10a;Ian; Chavez
Milo.Marsh@gmg.amberg.de;10a;Milo; Marsh
Damari.Mcgee@gmg.amberg.de;10a;Damari; Mcgee
Ashlyn.Frazier@gmg.amberg.de;10a;Ashlyn; Frazier
Antony.Moss@gmg.amberg.de;10a;Antony; Moss
Hailie.Hudson@gmg.amberg.de;10a;Hailie; Hudson
Penelope.Payne@gmg.amberg.de;10a;Penelope; Payne
Cassius.Wiley@gmg.amberg.de;10a;Cassius; Wiley
Katie.Ray@gmg.amberg.de;10a;Katie; Ray
Dante.Gentry@gmg.amberg.de;10a;Dante; Gentry
Tanya.Li@gmg.amberg.de;10b;Tanya; Li
Essence.Cox@gmg.amberg.de;10b;Essence; Cox
Nathalie.Sweeney@gmg.amberg.de;10b;Nathalie; Sweeney
Abdiel.Lambert@gmg.amberg.de;10b;Abdiel; Lambert
George.Calhoun@gmg.amberg.de;10b;George; Calhoun
Brenden.Griffith@gmg.amberg.de;10b;Brenden; Griffith
Aydan.Hahn@gmg.amberg.de;10b;Aydan; Hahn
Jaxson.Kidd@gmg.amberg.de;10b;Jaxson; Kidd
Karly.Bentley@gmg.amberg.de;10b;Karly; Bentley
Danielle.Guzman@gmg.amberg.de;10b;Danielle; Guzman
Juliet.Buchanan@gmg.amberg.de;10b;Juliet; Buchanan
Edgar.Kim@gmg.amberg.de;10b;Edgar; Kim
Tamara.Garza@gmg.amberg.de;10b;Tamara; Garza
Reese.Conner@gmg.amberg.de;10b;Reese; Conner
Sophia.Riggs@gmg.amberg.de;10b;Sophia; Riggs
Sophie.Cantu@gmg.amberg.de;10b;Sophie; Cantu
Chloe.Haynes@gmg.amberg.de;10b;Chloe; Haynes
Kara.Tucker@gmg.amberg.de;10b;Kara; Tucker
Annabella.Franco@gmg.amberg.de;10b;Annabella; Franco
Angel.Walton@gmg.amberg.de;11;Angel; Walton
Paisley.Baird@gmg.amberg.de;11;Paisley; Baird
Trystan.Schneider@gmg.amberg.de;11;Trystan; Schneider
Amiah.Jensen@gmg.amberg.de;11;Amiah; Jensen
Jaylon.Brandt@gmg.amberg.de;11;Jaylon; Brandt
Ashanti.Chase@gmg.amberg.de;11;Ashanti; Chase
Keith.Mendez@gmg.amberg.de;11;Keith; Mendez
Tripp.Singleton@gmg.amberg.de;11;Tripp; Singleton
Dexter.Jensen@gmg.amberg.de;11;Dexter; Jensen
Morgan.Calderon@gmg.amberg.de;11;Morgan; Calderon
Zion.Gordon@gmg.amberg.de;11;Zion; Gordon
Itzel.Maddox@gmg.amberg.de;11;Itzel; Maddox
Prince.Conner@gmg.amberg.de;11;Prince; Conner
Karla.Fox@gmg.amberg.de;11;Karla; Fox
Kristin.Shelton@gmg.amberg.de;11;Kristin; Shelton
Taliyah.Huerta@gmg.amberg.de;11;Taliyah; Huerta
Deegan.Calderon@gmg.amberg.de;11;Deegan; Calderon
Rosemary.Mercer@gmg.amberg.de;12;Rosemary; Mercer
Trey.Dyer@gmg.amberg.de;12;Trey; Dyer
Peyton.Calderon@gmg.amberg.de;12;Peyton; Calderon
Kamryn.Hart@gmg.amberg.de;12;Kamryn; Hart
Lincoln.Christian@gmg.amberg.de;12;Lincoln; Christian
Jerome.Mcdaniel@gmg.amberg.de;12;Jerome; Mcdaniel
Savannah.Kane@gmg.amberg.de;12;Savannah; Kane
Ari.Michael@gmg.amberg.de;12;Ari; Michael
Natalya.Gallagher@gmg.amberg.de;12;Natalya; Gallagher
Katelyn.Anderson@gmg.amberg.de;12;Katelyn; Anderson
Annabella.Dorsey@gmg.amberg.de;12;Annabella; Dorsey
Leyla.Cowan@gmg.amberg.de;12;Leyla; Cowan
Carly.Mclaughlin@gmg.amberg.de;12;Carly; Mclaughlin
Kiersten.Bullock@gmg.amberg.de;12;Kiersten; Bullock
Avery.Lin@gmg.amberg.de;12;Avery; Lin
